{
	"format_version": "1.8.0",
	"animations": {
		"default": {
			"loop": true,
			"bones": {
				"head": {
					"rotation": [133.0189, 309.27513, -170.05012],
					"position": [-2.825, -2.075, 0.475]
				},
				"body": {
					"rotation": [179.01552, -352.56453, 172.43603],
					"position": [-4, -2, 0]
				},
				"left_arm": {
					"rotation": [99.23484, -288.48181, -51.02759],
					"position": [-16.825, 0, 0]
				},
				"right_arm": {
					"rotation": [30.52118, -76.60099, 198.99989],
					"position": [7, -1, 0]
				},
				"left_leg": {
					"rotation": [-191.79913, -327.08654, -178.39185],
					"position": [-7, 0, 2]
				},
				"right_leg": {
					"rotation": [-181.31403, -1.03224, 160.62621],
					"position": [2, -1, 0]
				}
			}
		}
	}
}